Cohort ID	Likelihood Weights	Mortality Prob
0	8.152818205312208e-28	0.1334044009405148
1	2.6171875317254333e-63	0.19406489868843163
2	1.3092552868460417e-05	0.05002287496346898
3	5.23037093320676e-10	0.11046651452636796
4	0.009936827928188532	0.07935117816342262
5	0.016617395498032168	0.06846771895375957
6	0.00017027802719524988	0.08725204227553418
7	2.695625400644471e-18	0.11911214540860955
8	5.223197756934723e-25	0.129353494846134
9	1.5947312819602478e-36	0.1577633468006714
10	7.333453813699083e-30	0.13383890288065897
11	5.1524239945839465e-74	0.1870439000793519
12	7.852673519813822e-05	0.09089044994630349
13	7.62971486720466e-93	0.2256234872781891
14	0.0015236581766824506	0.055477518639585235
15	6.453962488104753e-68	0.18409350203568048
16	1.3626267033374803e-24	0.1334609604734254
17	1.3099210500263113e-44	0.16173796568915033
18	0.015189395273044167	0.07807738771904676
19	0.0006732673425750557	0.08962029781697577
20	1.6253310844210186e-80	0.21014891373510736
21	1.2928631836753089e-118	0.24365231514387953
22	3.764841778348539e-15	0.11268483563184857
23	2.6015533773181474e-68	0.1884645231338628
24	2.3943831863811864e-93	0.22527783045920768
25	1.8583926404769108e-97	0.22892133270076948
26	0.0019303855213669992	0.0670088422739556
27	0.001717799795570687	0.05781095664657648
28	0.00012580272541174077	0.08396608391291378
29	5.5553214961316353e-98	0.22562850068588264
30	0.016174620108337756	0.06966936676661002
31	6.601256371503425e-20	0.13422152500101042
32	3.0549944088858906e-119	0.24157790603010038
33	1.7919463611203104e-39	0.15663305699460342
34	1.0450884165142835e-75	0.18837542279009467
35	4.497290646256008e-12	0.1131031262012126
36	1.9425687827812146e-55	0.18730018553631672
37	2.0503502237843613e-88	0.21692513437947458
38	3.767962100072973e-05	0.05365765546883836
39	6.135725318560934e-72	0.20002886298899353
40	1.6687369769341542e-120	0.24777221778129893
41	2.045438966025885e-96	0.1996331308759679
42	6.990173827813674e-11	0.10608879841288105
43	6.182412321800254e-97	0.20785586569029774
44	0.013497670489337043	0.07064520131552841
45	3.222501063752562e-25	0.13957870523518104
46	7.62971486720466e-93	0.2317191006186191
47	1.736034864903986e-13	0.1087228296747359
48	4.4441012417724094e-14	0.10755506771726975
49	0.013019982491501275	0.07600571442365554
50	0.00038245937870129675	0.05387339157405942
51	2.775266397204902e-59	0.18576710658797818
52	2.4731848864133808e-06	0.09232562320001181
53	9.970485094140317e-09	0.10310933187444525
54	3.096357749279102e-32	0.14831463185606766
55	0.013473223309525766	0.06067250902341608
56	2.072303681305308e-46	0.16482352109840262
57	0.0025688058657225006	0.07934571498116204
58	2.8086231658269833e-42	0.16786110738065685
59	3.357269655714668e-65	0.18995167200418622
60	0.012526745537979077	0.07046688576556517
61	8.64667290187852e-22	0.13281119756391369
62	6.608534806855984e-70	0.18888003154554905
63	7.771690397071585e-21	0.13283585390538055
64	0.007089626975533352	0.05999069178921743
65	5.033863618628114e-40	0.15717928118310232
66	1.632710183224692e-57	0.1827589290439578
67	5.71995589399823e-33	0.15297782241166172
68	1.614010868128623e-112	0.2389189511981627
69	1.0016513889638533e-43	0.1673110081003986
70	7.62971486720466e-93	0.2306803830575767
71	0.013497670489337043	0.07749494082924752
72	0.004406916742639576	0.07785526945015171
73	3.507476768697579e-79	0.21147825774190476
74	9.087600851772904e-23	0.12953536739710672
75	0.0018981695859969403	0.08307083942338656
76	7.482770367951281e-108	0.23550171607920678
77	1.95811951820296e-17	0.11955317194910131
78	4.03582931211278e-71	0.2001624206272311
79	2.6015533773181474e-68	0.19519959707009032
80	4.881630777856382e-99	0.22666121824116198
81	6.61091867369025e-45	0.17473444141112177
82	4.545220419321262e-80	0.20018848680546747
83	1.2649419229731182e-15	0.11977966839556851
84	3.857354056472291e-11	0.10398557835300522
85	7.474691919292467e-94	0.22917724363921338
86	6.214925340136567e-27	0.13561823797425898
87	5.431861389348645e-118	0.2429680094296771
88	3.6511521171184114e-57	0.18268829956368965
89	8.83190747818579e-56	0.17433914404182438
90	0.009414738387195955	0.07294919459067505
91	5.5553214961316353e-98	0.23989785174141426
92	1.0172722604264536e-34	0.1399824266959881
93	8.351660502435624e-46	0.16567792287742636
94	4.025520413725043e-18	0.13162736055225624
95	2.4731848864133808e-06	0.09740539604860554
96	7.164709379256302e-90	0.23067590411245076
97	1.0448728984318272e-41	0.16473589733445718
98	8.204365252820213e-05	0.0505740654062318
99	8.137644969922411e-57	0.17342898272414478
100	1.0986945026755511e-14	0.11532898035441924
101	4.751508567036376e-37	0.15541162045152185
102	6.7303684286017105e-96	0.22718841986215493
103	3.764841778348539e-15	0.12145395200049997
104	1.218661715674816e-100	0.23170703018395983
105	7.851780051195063e-50	0.17467202315836056
106	0.0002784622118260517	0.05316424856931126
107	5.431861389348645e-118	0.23588744674875228
108	5.1524239945839465e-74	0.1881793835033848
109	7.166337929906147e-120	0.2494645700902961
110	0.00017027802719524988	0.08446810166906571
111	0.00017027802719524988	0.07742714992577555
112	1.5760166337501339e-115	0.2365190926074327
113	1.0019213770952883e-60	0.18936363229798003
114	0.016753226582045404	0.0632000345444125
115	2.659445184272333e-78	0.20109261052049326
116	3.507476768697579e-79	0.2007752376922493
117	2.314075035231902e-103	0.23460490710929666
118	4.545220419321262e-80	0.19230495172569434
119	0.016388425132301175	0.07485419239443294
120	2.0212435807577274e-05	0.05397602676795912
121	0.0011869892806217759	0.05524219737554386
122	1.6298799007647638e-05	0.05566129760415892
123	9.716901812745697e-06	0.09924221352060919
124	7.474691919292467e-94	0.22200558973657764
125	2.1981899762902293e-38	0.1577662128683306
126	1.2315931556984653e-47	0.1605643957371532
127	2.3926680372752866e-91	0.21840617847192118
128	0.0018981695859969403	0.07483466302398223
129	1.5749393472265093e-09	0.10583673580222791
130	2.5054961550766016e-47	0.16715185429165758
131	3.784383992550152e-106	0.2439191496639349
132	1.4368192063085414e-48	0.162206043851142
133	1.6298799007647638e-05	0.053729457874588604
134	1.266561933188418e-84	0.2101265345361233
135	1.3306674867769075e-06	0.09659485476820409
136	1.265422830781798e-79	0.21142103912375582
137	1.3626267033374803e-24	0.12757212881283436
138	3.5209907458377114e-101	0.22270837091188572
139	1.044653069850585e-68	0.1994243285474369
140	2.588088766869272e-44	0.1612480467980838
141	0.003105198324126852	0.07729104513213701
142	0.015211367513408645	0.061983537902442334
143	0.0025688058657225006	0.07426869114814748
144	0.0043752519561840696	0.05891037570895235
145	0.016943003060571022	0.07149882582121858
146	1.1709535493627704e-05	0.09514186772157095
147	4.178651875165583e-69	0.19259779607653532
148	3.379266824021248e-49	0.1619433964108285
149	2.4970334680495858e-05	0.05251119603182317
150	0.012977835240076709	0.06439485593789736
151	5.015731512559054e-125	0.2434552660000544
152	4.751508567036376e-37	0.16362009238398845
153	8.705635946702583e-07	0.0906586469321981
154	2.0634286799205668e-09	0.10046514891406469
155	1.5767654287297905e-71	0.1987651708150186
156	6.68049068334147e-05	0.08908589622186376
157	4.0857738211051244e-51	0.16627178545465154
158	9.384281180316108e-117	0.24400399781766247
159	6.182412321800254e-97	0.21936576029800708
160	4.531066764977448e-07	0.09796955182951723
161	5.40947310630106e-32	0.148753942853746
162	1.9385792148280437e-64	0.17399114367627594
163	1.0705608367819715e-83	0.21579617991003575
164	3.697354568903166e-06	0.08135827892921685
165	0.0004458996384201141	0.053715240435481905
166	0.0029808662624997042	0.06400442874384447
167	1.0172722604264536e-34	0.14726902218740637
168	4.308781737215037e-52	0.17126589233066608
169	1.3099210500263113e-44	0.16377028741729627
170	1.5632341910409446e-14	0.11347248186443215
171	3.859273669131292e-116	0.24772323088248976
172	1.4500613667135422e-42	0.16594904384915937
173	9.193691338954329e-17	0.12602823452471007
174	7.46550550991931e-43	0.16018964382357936
175	1.6650094521806678e-69	0.19906688618130042
176	1.2160148707309044e-59	0.18384657869063692
177	1.2558044658498327e-10	0.10298391153256188
178	0.003993738885547434	0.06326696688568832
179	5.223197756934723e-25	0.12401683958282127
180	2.0542617239843315e-53	0.17594350140431292
181	7.852673519813822e-05	0.09203480198296793
182	2.6171875317254333e-63	0.20055111074776277
183	0.008127134988880855	0.06330729627082299
184	6.91240352825572e-10	0.10206301971570819
185	7.474691919292467e-94	0.21095091274866912
186	0.0012262416639396432	0.08868685652466556
187	2.775266397204902e-59	0.17789217617598801
188	1.1793278913844914e-38	0.15493406182474673
189	2.463185743944776e-111	0.23496159407987016
190	2.0634286799205668e-09	0.1026593540974222
191	0.001347043158610523	0.06319221813680476
192	3.9029243773882714e-76	0.19701319265773393
193	2.659445184272333e-78	0.20443560590864934
194	1.218661715674816e-100	0.2315631705007048
195	9.384281180316108e-117	0.2363944138393675
196	1.527214695166167e-06	0.0527903145951194
197	1.3306674867769075e-06	0.09687241722428411
198	8.594263928162356e-51	0.17335567140033153
199	1.0113992654050721e-101	0.2398032641375233
200	1.0297483884835068e-106	0.24003522384941595
201	1.4368192063085414e-48	0.16133063763903127
202	1.0113992654050721e-101	0.23312126995325494
203	1.9425687827812146e-55	0.1783132417892675
204	1.3595593018129393e-27	0.12800154282824927
205	2.8415646488630335e-31	0.14719813341938195
206	5.0819511133900945e-47	0.17086209658399465
207	1.7919463611203104e-39	0.15990958430171254
208	3.0549944088858906e-119	0.23523628534129076
209	5.5553214961316353e-98	0.23374668712672125
210	6.214925340136567e-27	0.128975122584711
211	1.0295872884774226e-113	0.2426525056881424
212	4.057410611536044e-05	0.08479113333609287
213	0.007397608080546584	0.07526590388792748
214	0.012021150630301666	0.07701583160934627
215	3.241268148893969e-33	0.15113243313537933
216	9.875101126245938e-05	0.0543049610548396
217	1.3822020809350995e-105	0.2395940422435362
218	7.164709379256302e-90	0.21542309423414652
219	0.00016850635950473782	0.05300379614842448
220	7.852673519813822e-05	0.08523925111501104
221	2.62304088395856e-15	0.1164127148733674
222	0.005173421816758626	0.07619936896218338
223	8.881865615208068e-83	0.2118981384253164
224	1.95811951820296e-17	0.1189473305366587
225	3.784383992550152e-106	0.23802149646667342
226	9.510514883501716e-40	0.16640283598941602
227	5.017405652068797e-105	0.22576639688236882
228	3.859273669131292e-116	0.2189468890784444
229	2.045438966025885e-96	0.23107846374172986
230	3.7537045209867175e-27	0.1419760531633614
231	5.033863618628114e-40	0.15926936320407464
232	7.164709379256302e-90	0.2097207182304079
233	2.4273973180151205e-13	0.10714377034682952
234	5.808545850648391e-34	0.14805070452398555
235	8.594263928162356e-51	0.16982206152917567
236	4.6026080365488145e-05	0.05310665511016715
237	5.0819511133900945e-47	0.16869628163932743
238	1.4381109965726962e-23	0.13673526979789166
239	2.202475812450834e-89	0.2114721057769683
240	2.8919459150879004e-17	0.1130489606190746
241	1.218661715674816e-100	0.22857774170503026
242	2.0269136013182208e-54	0.1655714430569071
243	0.00014652896586839326	0.08680204032549302
244	2.540653039882069e-82	0.2075858467651009
245	2.0229784281553274e-52	0.1724062354089868
246	0.0002784622118260517	0.06078185441475059
247	1.6915618290280267e-26	0.13403873600022645
248	4.178651875165583e-69	0.1858137673130859
249	1.5760166337501339e-115	0.2337203555955052
250	1.527214695166167e-06	0.05008040497827149
251	9.52745713645749e-111	0.24535182980621195
252	7.986857558544543e-19	0.1253160629491549
253	1.7888717924315023e-132	0.24475670767166452
254	3.767475541538393e-50	0.17094322019481062
255	7.234331153982147e-82	0.21576916159613863
256	7.46550550991931e-43	0.16494230094162046
257	3.767475541538393e-50	0.17561523966147008
258	8.045303521951401e-06	0.10711525633913879
259	6.978613895349672e-49	0.1673666681312166
260	1.451404053546617e-76	0.20000435274053202
261	2.0503502237843613e-88	0.22166276728580847
262	1.6650094521806678e-69	0.20101643769353605
263	9.631354032122436e-67	0.1896114496894606
264	2.045438966025885e-96	0.22289588601091997
265	8.755409371694362e-16	0.1145361993673493
266	6.978613895349672e-49	0.18415775815751745
267	6.214925340136567e-27	0.14017478728266985
268	6.601256371503425e-20	0.12642055040630346
269	5.642208030754219e-24	0.13216226998443714
270	6.214925340136567e-27	0.1302959166939081
271	6.990173827813674e-11	0.11347678919165538
272	4.2586953504345905e-55	0.1743838735840603
273	2.7807897288270756e-26	0.13604945416425288
274	2.3361794389562293e-128	0.24476041558545047
275	3.357269655714668e-65	0.18556017828686222
276	9.970485094140317e-09	0.08971397768542218
277	2.7807897288270756e-26	0.13534020186960655
278	1.8411836153394203e-20	0.11866924795488461
279	1.9816547972579543e-77	0.2095277607917133
280	5.301617527180321e-109	0.22599965771268637
281	2.3943831863811864e-93	0.23076839116527442
282	8.082260767981789e-65	0.18254396247505245
283	1.2558044658498327e-10	0.10404165240595156
284	1.8393839434152299e-07	0.10047334030091795
285	5.5553214961316353e-98	0.22097958853948046
286	7.46550550991931e-43	0.15554292926174934
287	7.164709379256302e-90	0.2104322168009196
288	3.379266824021248e-49	0.16449770343832126
289	1.595002507470356e-67	0.19662850505750223
290	3.8441546467560944e-41	0.15380232549281117
291	8.881865615208068e-83	0.2041767821003776
292	4.166283090982497e-46	0.1637715981409431
293	1.006868490343352e-32	0.14314197571839618
294	8.82187608981345e-14	0.11853778159065637
295	0.016969717011319576	0.06364186968334083
296	7.986857558544543e-19	0.12558483586561997
297	0.01439360693092574	0.06592521553965047
298	8.866312076347605e-132	0.246563422746089
299	0.0034016422094333655	0.08632257026615275
300	6.7303684286017105e-96	0.21237173954410798
301	2.318989062110873e-90	0.22499232899117966
302	1.9385792148280437e-64	0.18768265047718868
303	1.6692833488155564e-45	0.16389888254907514
304	0.00210464190114635	0.08219428736312176
305	1.8228938833328576e-34	0.14337600455266125
306	4.025520413725043e-18	0.119034410231043
307	1.1565996921806792e-07	0.09500799156281692
308	8.594263928162356e-51	0.16850237375315935
309	8.755409371694362e-16	0.11245396754038339
310	9.52745713645749e-111	0.23326111069367017
311	7.62971486720466e-93	0.23192710499031144
312	3.489873835024706e-08	0.10142365875643924
313	0.016174620108337756	0.07217826014880585
314	7.852673519813822e-05	0.08859254640382258
315	3.096357749279102e-32	0.14991683413577722
316	2.659445184272333e-78	0.19571713359491927
317	1.3306674867769075e-06	0.0916388876817583
318	9.141339493898414e-08	0.09960671167544616
319	1.674930755209859e-86	0.22033437498727343
320	1.3626267033374803e-24	0.13316974365350548
321	3.3267864061241316e-45	0.17333701343104724
322	1.0774954355177907e-06	0.09673322784785002
323	0.016617395498032168	0.0703934518851595
324	7.575980004729282e-38	0.15317140339370597
325	1.5947312819602478e-36	0.1454281974099565
326	0.0007626307069163019	0.08053432881863265
327	9.14855531792481e-52	0.1743612463480831
328	1.9363804445062706e-51	0.15880202376278763
329	4.0022567410870634e-56	0.1808274693941489
330	0.003105198324126852	0.07890910802493196
331	1.6650094521806678e-69	0.2003055634270488
332	2.899659700384558e-07	0.09440982795998454
333	9.614541426333174e-36	0.1538703648732066
334	1.956620263697296e-74	0.20705920564432378
335	0.0024142166675760303	0.05446608559836124
336	2.319397991669003e-19	0.1148724919452373
337	2.318989062110873e-90	0.22458447528002223
338	2.612721420062779e-70	0.21894192152041392
339	1.7919463611203104e-39	0.15768811851890874
340	6.209532069283239e-88	0.22332165483330263
341	2.7845821324224715e-107	0.23996119827072532
342	1.5767654287297905e-71	0.21528139952586828
343	2.3943831863811864e-93	0.22082308876730777
344	0.016753226582045404	0.06974868036406967
345	2.3105216974858458e-60	0.18026086646819822
346	2.3533926697518748e-66	0.19070339763053062
347	8.137644969922411e-57	0.17204816252932592
348	9.179546741831638e-73	0.2099230523472056
349	3.073147893174057e-05	0.05691424397432685
350	1.9816547972579543e-77	0.20404774691099598
351	3.357269655714668e-65	0.1963457201479054
352	5.6729617239871055e-08	0.10193967865967063
353	1.5749393472265093e-09	0.10141385976442935
354	8.83190747818579e-56	0.17646066348602557
355	1.9659425297392974e-16	0.11905949231821632
356	2.786678710644055e-75	0.2093177356014575
357	8.917747887444286e-18	0.13922924640069145
358	8.881865615208068e-83	0.2065498829568344
359	8.848662064428428e-122	0.24809435672476815
360	1.823531329928584e-15	0.11004966790678002
361	0.0013726785271249323	0.07860116565161988
362	3.5209907458377114e-101	0.2302616872698548
363	1.3099210500263113e-44	0.15831187577747466
364	7.166337929906147e-120	0.24494807417101644
365	2.0269136013182208e-54	0.17732088000037943
366	5.015731512559054e-125	0.2487826049220958
367	2.0069394889089855e-41	0.15921416082859033
368	2.9100716747014926e-36	0.15528518678110426
369	0.012021150630301666	0.07708558061443399
370	4.2616883015130427e-17	0.12114103419677623
371	2.0212435807577274e-05	0.05524371345927466
372	0.00010776062136884868	0.08207903590392981
373	1.956620263697296e-74	0.19912743854149922
374	0.00016850635950473782	0.05607993798575777
375	8.64667290187852e-22	0.12330861944874888
376	1.674930755209859e-86	0.22246925056760886
377	8.137644969922411e-57	0.1885355435014709
378	1.632710183224692e-57	0.18818842841323374
379	0.00012580272541174077	0.08772736019106218
380	1.0291970502793031e-28	0.13838085614968468
381	1.3099210500263113e-44	0.16631548146885825
382	6.326266362753785e-112	0.24795034153274104
383	0.00010776062136884868	0.09078124504662438
384	9.970485094140317e-09	0.09954658035247098
385	1.6565148095397563e-08	0.10243461675458239
386	1.9816547972579543e-77	0.20003448265959856
387	2.1931968458750697e-24	0.14139506548713857
388	0.0026869001204010666	0.061385887682219004
389	3.2581454307606842e-34	0.15170324812204794
390	3.697354568903166e-06	0.0923920329287352
391	8.881865615208068e-83	0.20972084895204207
392	7.710055753964546e-09	0.10946627630145445
393	0.008127134988880855	0.05552120239090073
394	1.9363804445062706e-51	0.16868648989292423
395	4.974703824029591e-86	0.2187680857862378
396	3.2509118045392813e-21	0.12620322481244284
397	1.5767654287297905e-71	0.1999716621452287
398	1.7919463611203104e-39	0.15222829565942564
399	2.588088766869272e-44	0.15819036099243772
400	5.301617527180321e-109	0.2418868642123505
401	2.202475812450834e-89	0.21079217829972935
402	0.0007961458515641918	0.0564646133247148
403	6.135725318560934e-72	0.19187745024625902
404	1.4596618332805364e-30	0.14300029631270122
405	1.0297483884835068e-106	0.23950978827901998
406	3.628706340357912e-07	0.09428654686469767
407	1.4079157537481072e-05	0.10341440393687316
408	0.00889753206078568	0.0662947929754524
409	8.64667290187852e-22	0.1357237657327573
410	0.0015329495545846551	0.07180375280381367
411	4.4172032638115565e-53	0.17675735212238358
412	1.956620263697296e-74	0.2105926474747476
413	5.1524239945839465e-74	0.18936009922403568
414	6.608534806855984e-70	0.20324227621515412
415	1.5290885439643954e-19	0.11849082396870397
416	4.325832666219395e-85	0.21917029660553555
417	1.7328958879669872e-28	0.1357537549998885
418	2.318989062110873e-90	0.21480197408246376
419	2.0269136013182208e-54	0.17529923172485878
420	0.015542244883545284	0.07868460973404899
421	0.009753890041634078	0.0656773799709896
422	6.629947955193428e-06	0.05366652858260146
423	0.016753226582045404	0.0633449995278713
424	2.2617688019749198e-27	0.14171676274168638
425	0.016144186147362245	0.0726683845535181
426	0.0007961458515641918	0.055556669769733995
427	1.451404053546617e-76	0.2009722962780935
428	3.631795006745149e-23	0.1289700960921279
429	6.453962488104753e-68	0.19938769912150506
430	1.0291970502793031e-28	0.14048096534929033
431	1.7328958879669872e-28	0.14001734940015223
432	7.333453813699083e-30	0.14561450134356618
433	3.604073608671126e-29	0.1448007853124388
434	1.6253310844210186e-80	0.21063266842283396
435	1.823531329928584e-15	0.13047850397154717
436	6.491777935463904e-104	0.23093723206872463
437	8.350507320763278e-06	0.05741220959080717
438	2.0505702413736852e-81	0.20477486854408372
439	0.016950341609299556	0.07512827622754777
440	1.4307770094108547e-58	0.1737027133824171
441	4.130028842049295e-06	0.05207285226704639
442	4.0863178900002043e-38	0.1577254565152694
443	5.243171753488081e-06	0.05060359132391928
444	5.301617527180321e-109	0.24023875709804093
445	9.52745713645749e-111	0.23108040674055563
446	5.786093135232154e-81	0.20919338838845386
447	6.491777935463904e-104	0.2330548639829575
448	0.013956606005594807	0.07911164623167942
449	0.004406916742639576	0.08154601397410666
450	0.0010928282539394926	0.08752633458048681
451	1.9425687827812146e-55	0.17449918045998425
452	5.017405652068797e-105	0.23116189920166036
453	4.552718443141219e-123	0.24799103567181474
454	1.1031311035661424e-63	0.1922244917531632
455	1.044653069850585e-68	0.19636008182845904
456	1.4348824180249726e-99	0.2318586409088509
457	9.018273495390065e-24	0.13017474647422417
458	3.628706340357912e-07	0.09997013604500736
459	0.0007626307069163019	0.08468603415742457
460	0.007397608080546584	0.07389141006674581
461	1.81024371159822e-104	0.21252211760656575
462	0.0003485739888938462	0.07935847468344864
463	9.115559884255335e-10	0.10285949654538014
464	1.674930755209859e-86	0.21381783572670615
465	3.2798332478474398e-12	0.112117450358842
466	2.265809460082654e-117	0.2464834898585886
467	5.1982751746871814e-11	0.10332774043032705
468	7.575980004729282e-38	0.1567306689942423
469	8.400884234741934e-12	0.11289340223716993
470	1.0297483884835068e-106	0.2321545662347675
471	2.695625400644471e-18	0.12331132877024689
472	2.2531450908426464e-22	0.1367184654546329
473	5.296426754171677e-36	0.15245853845567228
474	1.614010868128623e-112	0.23777729547394266
475	0.001717799795570687	0.05618980125423015
476	3.9029243773882714e-76	0.19337573272633785
477	1.3976929617304539e-109	0.22820379085846781
478	0.0002784622118260517	0.055457444703493765
479	5.296426754171677e-36	0.15441024945050214
480	2.0954307794260748e-21	0.11519796235400506
481	2.2025735390645278e-95	0.2218978641731172
482	1.0448728984318272e-41	0.16170331018450357
483	7.99972269358269e-62	0.1880455736325496
484	5.808545850648391e-34	0.1405706999903075
485	3.232112221762328e-58	0.17566180750427146
486	9.078970220944971e-13	0.10801937033748517
487	0.0002784622118260517	0.05186971559330316
488	1.3099210500263113e-44	0.16535118699741816
489	9.078970220944971e-13	0.11228884282649257
490	3.8327274421428065e-43	0.15345351970022597
491	2.574047789899956e-114	0.23328117061077958
492	1.2180089631557146e-25	0.13529495770027922
493	1.460172530757692e-07	0.09947920732047709
494	1.3458862856272473e-16	0.1242587522558109
495	5.431861389348645e-118	0.23637222332730812
496	1.6687369769341542e-120	0.23737367626181877
497	6.73674123543674e-89	0.21886598971314264
498	8.199673844185876e-103	0.23404130286113212
499	2.0160030036297544e-06	0.0955800579902634
500	0.016943003060571022	0.06749644191071819
501	3.628706340357912e-07	0.09546194725693775
502	1.2558044658498327e-10	0.11287532322281009
503	0.00030344449015382274	0.08495317527126231
504	1.3099210500263113e-44	0.1714188323944921
505	4.877247866472148e-28	0.13271728300023228
506	1.0705608367819715e-83	0.2132703023654428
507	0.0005210458577795298	0.08702607965380613
508	3.232112221762328e-58	0.19037530595126212
509	4.580404733338466e-09	0.09807112496982778
510	4.400533678443278e-54	0.16484381776817195
511	7.771690397071585e-21	0.11979751944415779
512	0.0015236581766824506	0.06139287989656655
513	9.141339493898414e-08	0.09576273419207518
514	3.232112221762328e-58	0.1828205110709587
515	4.915084089659457e-31	0.14945001867210628
516	8.351660502435624e-46	0.15380319681473575
517	1.6890303936089386e-05	0.0849440300217845
518	4.308781737215037e-52	0.1641431703092513
519	2.574047789899956e-114	0.24935068504164198
520	5.612165221797176e-87	0.2133670217583244
521	4.0857738211051244e-51	0.16887452476619558
522	1.6687369769341542e-120	0.24519781366618099
523	9.52745713645749e-111	0.2303125169338643
524	5.033863618628114e-40	0.16912158672052913
525	0.0024142166675760303	0.05648526506289142
526	0.016753226582045404	0.06871541916349616
527	0.007089626975533352	0.06307434300844528
528	6.214925340136567e-27	0.14034662973829506
529	6.601256371503425e-20	0.12508696663357155
530	3.8570621854007266e-121	0.24507000685405733
531	0.0012262416639396432	0.083596658639923
532	9.384281180316108e-117	0.24455751838653106
533	1.6253310844210186e-80	0.20349497377260262
534	7.169297474180496e-95	0.21484756792489956
535	9.14855531792481e-52	0.17652316335559948
536	1.595002507470356e-67	0.18374655404134643
537	3.2581454307606842e-34	0.14537646670423868
538	8.350507320763278e-06	0.052627271384614455
539	5.391863223274535e-15	0.12060121710836497
540	4.751508567036376e-37	0.1484143602987117
541	6.608534806855984e-70	0.1960182422180209
542	4.5605862658524313e-26	0.14372566854922186
543	1.0265445892567581e-26	0.14148098321788632
544	0.009936827928188532	0.07753254818912064
545	1.178835611195915e-06	0.0521777467606958
546	7.275271893439224e-78	0.20165565209539926
547	1.0986945026755511e-14	0.11399056761553568
548	2.271711422297811e-124	0.24687669003870216
549	1.3306674867769075e-06	0.09404684523183121
550	3.510313728900305e-19	0.11774160509633594
551	7.575980004729282e-38	0.15477922713322634
552	1.351220240747798e-73	0.20097829141210655
553	1.006868490343352e-32	0.14277155678005915
554	0.005173421816758626	0.07496450862233527
555	2.386771940582558e-12	0.11250027569840991
556	2.9100716747014926e-36	0.15090383394019893
557	3.6511521171184114e-57	0.18476980160337353
558	4.325832666219395e-85	0.20402999126241844
559	0.0025688058657225006	0.07606715619087086
560	0.004778334430914006	0.05458302626447636
561	4.877247866472148e-28	0.15381646444239788
562	6.209532069283239e-88	0.2119977421324833
563	4.0137455534433055e-07	0.052520753405975264
564	6.3121918548578825e-59	0.18449396893074682
565	1.4573325381434723e-62	0.18736164533139837
566	2.1249956036275965e-29	0.13984935071732751
567	4.1936738740420456e-100	0.23295773734838687
568	4.329524736621692e-61	0.1788722169513986
569	6.936666830330853e-07	0.05104796753029317
570	4.292297988912967e-30	0.14688568910287514
571	6.182412321800254e-97	0.22186356121952
572	1.266561933188418e-84	0.2160799140074679
573	4.2586953504345905e-55	0.17983083942249561
574	4.632824259139085e-64	0.18473968477972635
575	2.0542617239843315e-53	0.16569991595784012
576	2.386771940582558e-12	0.10482395503337044
577	3.8441546467560944e-41	0.16210599810721177
578	8.83190747818579e-56	0.18434595696348405
579	7.771690397071585e-21	0.12048592604328177
580	6.209532069283239e-88	0.22116567345078558
581	4.802003410986017e-05	0.08900749720174146
582	1.265422830781798e-79	0.19946416206638468
583	3.386722148430365e-13	0.10792054923737548
584	5.3744947789891215e-77	0.2047598574488364
585	4.5605862658524313e-26	0.13554746586721525
586	2.659445184272333e-78	0.21153968182244193
587	1.3229025446859601e-17	0.12070697253359808
588	0.00030344449015382274	0.09273864752591623
589	1.044653069850585e-68	0.20345690168435332
590	4.4441012417724094e-14	0.11172838952613023
591	1.674930755209859e-86	0.19664901354528552
592	1.595002507470356e-67	0.1988946306155464
593	2.0160030036297544e-06	0.09427934018164022
594	0.00030344449015382274	0.0928224273641297
595	0.0003485739888938462	0.08978958468541334
596	0.006013635463983517	0.07850366755316894
597	6.266349902289793e-17	0.12541651984146684
598	0.0001415199498259377	0.055325576938324295
599	0.010985396862612087	0.07218407380684813
600	6.978613895349672e-49	0.18491280475268213
601	9.179546741831638e-73	0.20995530737947726
602	0.016174620108337756	0.06610590542567718
603	4.802003410986017e-05	0.09634046209715841
604	2.8770582467543863e-05	0.09152513236076287
605	4.1936738740420456e-100	0.23346671261632612
606	7.399485278997188e-75	0.19226290362729737
607	1.3987390139707898e-40	0.16077692221028286
608	6.549786221314567e-13	0.11090359758412405
609	3.0907466024425822e-83	0.21697080952635972
610	3.521824831650529e-24	0.137061191525904
611	1.0297483884835068e-106	0.23469124302375505
612	7.276625634417673e-58	0.19121036086718662
613	1.6915618290280267e-26	0.14560626159305667
614	0.0037173303272854015	0.07524202074987174
615	2.3361794389562293e-128	0.24520871009354955
616	1.4079157537481072e-05	0.08196673006881867
617	2.0160030036297544e-06	0.09052042504393253
618	2.8415646488630335e-31	0.1362363510320742
619	2.2880094841592478e-23	0.13084038115502944
620	0.005173421816758626	0.07935029615285882
621	3.5290644388029917e-73	0.1958637838722247
622	0.00010776062136884868	0.0877490133754372
623	5.309776335914129e-60	0.17877912886233255
624	5.786093135232154e-81	0.20086119011525977
625	2.0217184466337353e-05	0.09214647841666415
626	1.2315931556984653e-47	0.170190849621528
627	5.3744947789891215e-77	0.19978567504916728
628	1.6313874994314837e-49	0.1776437421240667
629	8.351660502435624e-46	0.16942546058932983
630	7.710055753964546e-09	0.10909645713109942
631	3.926862185117254e-67	0.19632129424830175
632	1.0258547908895953e-129	0.23906168799998995
633	3.631795006745149e-23	0.1351122780523094
634	9.679280243350316e-79	0.20643636336628107
635	0.0056467695893049384	0.061228207932383066
636	4.974703824029591e-86	0.21705432049799317
637	0.0002283634762901747	0.08845000336442954
638	1.3626267033374803e-24	0.12901937377799466
639	1.2558044658498327e-10	0.1100162091850713
640	0.016969717011319576	0.06602072876120986
641	1.0113992654050721e-101	0.2309262005872486
642	1.3229025446859601e-17	0.12403083551074766
643	2.657134697890824e-40	0.1561394876952279
644	2.9106979906881624e-28	0.14882325317926504
645	0.003105198324126852	0.07643222838858764
646	0.0013726785271249323	0.09129081177788662
647	0.011937485607515888	0.06523776180646423
648	5.40947310630106e-32	0.15158433998905751
649	6.91240352825572e-10	0.10230991036659742
650	2.0954307794260748e-21	0.12141232177655839
651	0.01659202458075509	0.07161306573944737
652	7.467889912086137e-91	0.20751036793050143
653	0.01480554772568345	0.07131677535776022
654	1.5760166337501339e-115	0.24714176474263755
655	5.6703447251010454e-05	0.08543223288768348
656	3.767475541538393e-50	0.16448102248692986
657	0.007089626975533352	0.05896906691781763
658	3.0907466024425822e-83	0.20742325793116684
659	2.8770582467543863e-05	0.08792118956365931
660	2.5833611000872577e-37	0.15558079568162533
661	6.608534806855984e-70	0.19801550863181433
662	0.002827717389296403	0.0799862969834512
663	6.03595996242463e-48	0.16021743483739437
664	2.899659700384558e-07	0.09332344166575589
665	1.351220240747798e-73	0.20183920986342896
666	1.3894280410698607e-65	0.19458303871124277
667	7.209168861094495e-08	0.08530980685541661
668	2.418531661263763e-92	0.22239331153341468
669	0.0007961458515641918	0.053955019903268855
670	7.474691919292467e-94	0.22204739948462304
671	3.8441546467560944e-41	0.16178076223218768
672	2.2880094841592478e-23	0.13064409442116987
673	1.351220240747798e-73	0.2017493862044673
674	1.351220240747798e-73	0.193385800338494
675	1.0297483884835068e-106	0.24746523496168532
676	1.2558044658498327e-10	0.10561700972259656
677	2.5319123365406147e-06	0.05075873448186852
678	2.888278409440077e-102	0.23678052166297758
679	1.0113992654050721e-101	0.22157942090757876
680	7.275271893439224e-78	0.19577017550385117
681	1.4008404502259689e-37	0.1533377565843077
682	1.4573325381434723e-62	0.1913912490497522
683	6.453962488104753e-68	0.20610591137534856
684	2.8653526351731136e-16	0.12497518870737188
685	2.0503502237843613e-88	0.20406450506599155
686	6.135725318560934e-72	0.20012486383503508
687	4.2586953504345905e-55	0.17264224230885195
688	2.2531450908426464e-22	0.13037318479356746
689	1.595002507470356e-67	0.1894616038528682
690	2.0212435807577274e-05	0.050622571565038424
691	2.37804628540014e-72	0.20497932934491958
692	3.784383992550152e-106	0.2292833204913694
693	7.209168861094495e-08	0.09786314148750093
694	0.01687058831728037	0.07415343686184594
695	7.018199717694283e-07	0.09405679755874552
696	8.755409371694362e-16	0.11041934625801966
697	7.62971486720466e-93	0.22660570171276684
698	9.510514883501716e-40	0.1586332860476189
699	2.1102159561327215e-11	0.10734232992128612
700	0.000456767664583613	0.07767093795858931
701	1.736034864903986e-13	0.10802889262090834
702	9.14855531792481e-52	0.17277421794825054
703	3.386722148430365e-13	0.11482770597948933
704	3.1436298848538825e-35	0.1414720363381997
705	7.461866218820832e-26	0.13882342140332288
706	1.674930755209859e-86	0.21562707214630245
707	5.642208030754219e-24	0.13526963084724614
708	1.2007084298753702e-18	0.11913976423510048
709	4.632824259139085e-64	0.18499432096182106
710	2.0160030036297544e-06	0.09429641114670576
711	2.9106979906881624e-28	0.14344916478531078
712	1.7331184826829572e-12	0.11295313746480329
713	4.308781737215037e-52	0.17537112043256692
714	2.045438966025885e-96	0.22547209493896253
715	8.48063421915817e-31	0.1395378000291257
716	1.0705608367819715e-83	0.20689148375838462
717	3.535636222844656e-22	0.14139314011231008
718	9.523069852267851e-54	0.18124586634342627
719	0.00645955844678023	0.07636819500550043
720	1.4596618332805364e-30	0.13659630139352963
721	6.7303684286017105e-96	0.23186239773098732
722	1.3099210500263113e-44	0.17109580020618692
723	3.690934305575289e-84	0.20335491744742046
724	5.033863618628114e-40	0.15094012161917886
725	3.1436298848538825e-35	0.1496111249656015
726	7.164709379256302e-90	0.21857996803857
727	0.012464776475162385	0.06356138686819075
728	2.5054961550766016e-47	0.16465445430993692
729	4.1936738740420456e-100	0.23855251508658987
730	1.2315931556984653e-47	0.15357200963446438
731	3.0273102707510772e-06	0.0888931619055769
732	1.6514182817682928e-98	0.21958787848869527
733	9.970485094140317e-09	0.10032782847117057
734	9.631354032122436e-67	0.19014520729650758
735	3.8441546467560944e-41	0.15805218807937998
736	2.314075035231902e-103	0.23976725765604395
737	4.0857738211051244e-51	0.1748673404805352
738	2.202475812450834e-89	0.2175955924095459
739	3.033744742634431e-07	0.05158657523890462
740	3.661071578282867e-110	0.24786801123332763
741	0.014397450265438117	0.0655429140664773
742	1.9659425297392974e-16	0.11442590272295393
743	1.614010868128623e-112	0.2392304790913531
744	2.00541987826729e-08	0.05178782047424901
745	1.266561933188418e-84	0.2145460010843871
746	2.045438966025885e-96	0.22224232767335889
747	1.3595593018129393e-27	0.1379661628417145
748	2.899659700384558e-07	0.10114903876118625
749	2.540653039882069e-82	0.21053790392665972
750	7.461866218820832e-26	0.14557240088644424
751	0.00645955844678023	0.07686772173113923
752	1.0113992654050721e-101	0.23556979856500215
753	2.0147656118676095e-122	0.22919399340132968
754	1.6387228049754e-31	0.14830903000338708
755	2.540653039882069e-82	0.22134049930355842
756	5.223197756934723e-25	0.13371560515281972
757	3.926862185117254e-67	0.18669298003326024
758	2.319397991669003e-19	0.12959812788158448
759	7.575980004729282e-38	0.15114840349016206
760	0.0001974211203773721	0.08791034056678547
761	1.2928631836753089e-118	0.24299778482218276
762	6.1533080286088e-12	0.10884313764885095
763	0.008387547659952402	0.07069191122328028
764	0.0034016422094333655	0.07886308004580962
765	2.0212435807577274e-05	0.0528184588384886
766	7.99972269358269e-62	0.19318913989247893
767	1.0016513889638533e-43	0.16289966404817482
768	1.6253310844210186e-80	0.20891567023695046
769	5.662326289136557e-35	0.1514159846568273
770	1.9816547972579543e-77	0.20836420790083077
771	1.1031311035661424e-63	0.1891528428543679
772	2.202475812450834e-89	0.20556969537183506
773	2.2531450908426464e-22	0.13129657379541726
774	4.0857738211051244e-51	0.17955412663749626
775	0.004780687790369966	0.08595885953859489
776	3.143960169024904e-14	0.1143639926775808
777	2.4144870701331945e-05	0.0845209240239585
778	4.322756316305936e-20	0.1317274450026525
779	3.628706340357912e-07	0.09828374959311977
780	5.223197756934723e-25	0.1313843988258716
781	2.265809460082654e-117	0.24504446848746242
782	4.714926009724574e-13	0.11406386516440625
783	1.5760166337501339e-115	0.24649818899497905
784	9.467980845544968e-53	0.17726122517119675
785	2.1931968458750697e-24	0.1250182036787822
786	5.1524239945839465e-74	0.22149689981671933
787	7.99972269358269e-62	0.17391734787371477
788	1.1994855659148843e-09	0.10040661602616788
789	1.9816547972579543e-77	0.20857113559537754
790	2.1931968458750697e-24	0.1365877017468326
791	8.917747887444286e-18	0.1215022334660883
792	1.3229025446859601e-17	0.11605538730501619
793	2.3533926697518748e-66	0.18947377512262792
794	1.555729351447419e-11	0.10373002478124532
795	1.9816547972579543e-77	0.21165560274107603
796	1.1444586347061789e-11	0.10905775887996956
797	7.575980004729282e-38	0.15882427671707144
798	8.716280828700604e-37	0.14758429836104048
799	7.474691919292467e-94	0.22107128251907399
800	7.474691919292467e-94	0.22767728687907718
801	5.6703447251010454e-05	0.08687688847355335
802	8.594263928162356e-51	0.16706969178765022
803	7.169297474180496e-95	0.22964100920342745
804	5.223197756934723e-25	0.13922344380688595
805	4.881630777856382e-99	0.2343736610967631
806	2.1282103985991503e-08	0.10579817809139419
807	8.351660502435624e-46	0.17176623483875914
808	9.523069852267851e-54	0.18649074195336307
809	5.949126769556153e-09	0.09564114667009682
810	3.767962100072973e-05	0.052753502511543364
811	6.214925340136567e-27	0.13334479247413922
812	1.0987648506876802e-125	0.23769637837134683
813	2.62304088395856e-15	0.11860562196608132
814	1.451404053546617e-76	0.20594885909652
815	0.007397608080546584	0.08494726256548149
816	3.2509118045392813e-21	0.11839056726049049
817	0.003105198324126852	0.07891954416761936
818	6.186945254038085e-63	0.1933541628292752
819	2.612721420062779e-70	0.18986152473936285
820	2.3533926697518748e-66	0.1876994635897838
821	9.970485094140317e-09	0.10067920689725994
822	3.232112221762328e-58	0.1884720243246818
823	1.6396902158572176e-06	0.09545950818318992
824	2.1931968458750697e-24	0.13492982318626795
825	4.322756316305936e-20	0.12438442433353745
826	2.9751799414485617e-10	0.12106158232402445
827	0.01589132025376397	0.06153096144825128
828	3.232112221762328e-58	0.17632932537318796
829	6.608534806855984e-70	0.1914633205363399
830	2.9493494759816227e-48	0.17271773890056713
831	1.632710183224692e-57	0.17966255123262492
832	0.003105198324126852	0.08398814284345155
833	0.0006732673425750557	0.07988935978777251
834	8.716280828700604e-37	0.15283500870517658
835	2.202475812450834e-89	0.2250665452709078
836	0.0023279723753403814	0.08679068830944442
837	2.1981899762902293e-38	0.142567823741652
838	5.535459688790865e-22	0.1357864668059806
839	1.0328927090006965e-33	0.14945783718390326
840	0.0012262416639396432	0.08230215409720239
841	1.95811951820296e-17	0.11848812822696211
842	5.23037093320676e-10	0.10237608082070404
843	1.6514182817682928e-98	0.21890538864589582
844	7.275271893439224e-78	0.21006644915528033
845	1.4381109965726962e-23	0.13532783165362872
846	4.0857738211051244e-51	0.1714030921578078
847	0.0023279723753403814	0.079093122053244
848	3.241268148893969e-33	0.15192265884351175
849	1.2865570736985154e-08	0.10938941715738092
850	2.318989062110873e-90	0.22193019071384024
851	6.186945254038085e-63	0.18431967618127798
852	9.305954088643828e-55	0.17669480252448422
853	0.009936827928188532	0.07495026001383585
854	2.8415646488630335e-31	0.14411757589977714
855	7.482770367951281e-108	0.24731455591737633
856	2.265809460082654e-117	0.239659834814533
857	4.2586953504345905e-55	0.17901712805208875
858	0.0015329495545846551	0.08034497420639473
859	3.232112221762328e-58	0.177825369743981
860	1.0448728984318272e-41	0.1631324225087855
861	5.40947310630106e-32	0.1437331675322504
862	3.7537045209867175e-27	0.13560749389365404
863	2.657134697890824e-40	0.169853951131606
864	5.786093135232154e-81	0.21999397770319312
865	2.37804628540014e-72	0.2002242080743875
866	2.0069394889089855e-41	0.16587210805944663
867	3.661071578282867e-110	0.23494083630720564
868	0.012464776475162385	0.06294799668830978
869	2.271711422297811e-124	0.2482693017463618
870	0.016773634906915393	0.06059890853359791
871	4.057410611536044e-05	0.08989910922771227
872	8.446247277429599e-25	0.13455053232891218
873	0.012021150630301666	0.07150177523703355
874	1.4573325381434723e-62	0.17473408219954037
875	0.0006922528199881349	0.05959851280977346
876	2.8561348933236023e-11	0.10692477620138843
877	0.005202435456129781	0.06220733622393422
878	1.4307770094108547e-58	0.19070386622101626
879	2.3533926697518748e-66	0.1836912335178964
880	9.193691338954329e-17	0.12571611865012045
881	3.489873835024706e-08	0.08763885200596425
882	3.690934305575289e-84	0.19940096580598904
883	8.82187608981345e-14	0.11807585815309346
884	4.03582931211278e-71	0.20906023348112857
885	5.40947310630106e-32	0.14758018783592408
886	1.3987390139707898e-40	0.15513388887019589
887	2.0212435807577274e-05	0.05569816989831344
888	9.523069852267851e-54	0.17884640397580637
889	5.9981903898044556e-18	0.12013130048643349
890	2.697562919792481e-09	0.09584100545841315
891	7.461866218820832e-26	0.1367766752423401
892	1.4325734686215915e-22	0.12649349145418354
893	9.426971451607439e-32	0.14395780801727204
894	3.661071578282867e-110	0.24589667083596128
895	2.0954307794260748e-21	0.1228756140736461
896	4.03582931211278e-71	0.2048820266672079
897	1.6692833488155564e-45	0.16055351930997852
898	2.7845821324224715e-107	0.2278262178214966
899	3.510313728900305e-19	0.1209905702299144
900	2.697562919792481e-09	0.09910373603730149
901	3.661071578282867e-110	0.23220384793139365
902	0.0015236581766824506	0.058706852751553074
903	1.2284302679264102e-139	0.2401506856122005
904	2.588088766869272e-44	0.16128138313418505
905	1.4325734686215915e-22	0.1252726433374175
906	5.431861389348645e-118	0.2490104644678222
907	0.008662483370522323	0.06167252922952633
908	7.333453813699083e-30	0.15334127195352243
909	0.000912557544052429	0.05621941509110957
910	6.310106400796352e-39	0.1642351478372467
911	0.000456767664583613	0.08609370179902312
912	2.775266397204902e-59	0.1761918400679061
913	1.2928631836753089e-118	0.2461847351501163
914	6.491777935463904e-104	0.22498051024247617
915	3.521824831650529e-24	0.14036724988417415
916	5.309776335914129e-60	0.19169217401034344
917	4.325832666219395e-85	0.20549375000063785
918	1.7919463611203104e-39	0.14896861683651275
919	3.1436298848538825e-35	0.155706698035513
920	0.005584630572773081	0.08015687967443852
921	4.025520413725043e-18	0.12387998512238126
922	0.009414738387195955	0.07844425061455734
923	2.37804628540014e-72	0.19537875066891253
924	5.662326289136557e-35	0.14540259888045265
925	2.7807897288270756e-26	0.1397757673413531
926	2.0503502237843613e-88	0.2271995942330703
927	1.962132985045441e-43	0.15552375446231229
928	1.2180089631557146e-25	0.131818166383372
929	7.209168861094495e-08	0.10377840444252917
930	0.008662483370522323	0.064402407033954
931	1.0291970502793031e-28	0.13362722674506317
932	9.875101126245938e-05	0.05515069648131668
933	1.2007084298753702e-18	0.10823078811048562
934	2.5833611000872577e-37	0.1507019019696793
935	1.2928631836753089e-118	0.24318661300394445
936	0.013019982491501275	0.07187658283871692
937	1.5767654287297905e-71	0.1846082108433244
938	6.310106400796352e-39	0.14998647421984002
939	7.234331153982147e-82	0.2054196458551566
940	0.004406916742639576	0.07872139957484187
941	0.0019303855213669992	0.06664052728717512
942	3.2509118045392813e-21	0.12984372107049075
943	9.179546741831638e-73	0.20939245039598003
944	4.802003410986017e-05	0.08833514778197803
945	5.3744947789891215e-77	0.20355543842945484
946	1.6777497923803962e-10	0.10805959941237364
947	1.1565996921806792e-07	0.09337829752235907
948	0.00016850635950473782	0.05334311781540129
949	2.0954307794260748e-21	0.12973181198447575
950	9.018273495390065e-24	0.12621629825869046
951	1.4307770094108547e-58	0.18186898723907297
952	0.003993738885547434	0.06418368009407745
953	0.0008618243270585595	0.08052079740845437
954	2.4970334680495858e-05	0.053315176580186835
955	0.012526745537979077	0.07275927128948137
956	2.3533926697518748e-66	0.18035785520201808
957	1.3595593018129393e-27	0.13053137043498386
958	8.82187608981345e-14	0.11420526283346318
959	2.0229784281553274e-52	0.1615823988487545
960	1.5760166337501339e-115	0.24869209261997
961	7.62971486720466e-93	0.21689730280360592
962	1.0019213770952883e-60	0.1899246364799168
963	2.3926680372752866e-91	0.2336517178264116
964	0.0010424990369242593	0.057945741336616965
965	0.016617395498032168	0.06406668832310505
966	1.006868490343352e-32	0.14480125799761093
967	1.8411836153394203e-20	0.11983348259141546
968	1.0113992654050721e-101	0.23745041242568982
969	8.351660502435624e-46	0.1479129922290337
970	3.8441546467560944e-41	0.15792982201867012
971	1.218661715674816e-100	0.22905207314624415
972	1.2498670161565755e-29	0.1393270091647381
973	7.234331153982147e-82	0.22540687785407038
974	2.236613690978094e-10	0.10071634987432568
975	2.1102159561327215e-11	0.10476194083162171
976	6.0468632219178045e-16	0.11567227801751803
977	4.0863178900002043e-38	0.1595128540961907
978	1.4079157537481072e-05	0.09402573480539625
979	4.329524736621692e-61	0.18428583421625466
980	0.002827717389296403	0.07855865656060008
981	0.012977835240076709	0.06882005489992789
982	1.8583926404769108e-97	0.22403834924107552
983	1.5749393472265093e-09	0.0973737407113997
984	2.2880094841592478e-23	0.12720080220451913
985	5.808545850648391e-34	0.16430841854506645
986	1.7407791385329845e-35	0.15516039399029402
987	0.0043752519561840696	0.06520477588842138
988	4.1936738740420456e-100	0.2248251871196057
989	6.182412321800254e-97	0.24022712368373844
990	1.8713515209814426e-87	0.21250146083493437
991	1.2388876753803557e-13	0.10676036698937486
992	2.0069394889089855e-41	0.15556935922359189
993	2.62304088395856e-15	0.1178833448035219
994	1.0277373998892253e-46	0.16093346215753335
995	7.166337929906147e-120	0.24488069378260052
996	2.8653526351731136e-16	0.11234058354379628
997	2.9493494759816227e-48	0.18375932118457394
998	2.4273973180151205e-13	0.11519344146179718
999	2.540653039882069e-82	0.20489545320301594
